area_riesgo,tiempo_labor,edad_trabajador,experiencia_anios,turno_noche,presion_gas,vibracion_equipo,tipo_suelo,mantenimiento_reciente,degree_injury
3.745401188473625,8.679778854217197,31,9,1,81.06178767822212,4.462086020813687,0,1,1
9.50714306409916,6.897060029785324,35,11,0,75.30447820938667,3.7639117376914824,0,0,0
7.319939418114051,4.404803779149605,43,8,1,78.04702304417906,6.058047815342676,0,1,0
5.986584841970366,9.951745216776436,38,0,1,83.04661828698082,3.8733109146103315,0,1,1
1.5601864044243652,8.532042898092673,27,4,0,54.981971386121366,3.2424952128990645,1,1,0
1.5599452033620265,2.788786332793804,50,19,0,64.66725396290875,5.213023118382848,0,1,1
0.5808361216819946,11.020199029432266,40,7,0,102.96443076805188,3.0650207362621797,1,1,0
8.661761457749352,10.047909672154859,36,10,0,74.93389493300383,2.300804102786916,0,0,0
6.011150117432088,11.447799046211165,42,11,1,54.82566897602471,5.199885850791917,0,0,0
7.080725777960454,8.98291459227196,56,0,0,65.50059820483747,2.376169935484685,0,0,1
0.20584494295802447,7.747567155293688,35,19,1,104.84467368641432,6.162919094443135,0,0,1
9.699098521619943,5.600673399196808,25,10,0,72.9700253973016,2.906999410620806,0,1,1
8.324426408004218,11.260013316894145,27,4,1,91.59015244897157,1.6389893203703787,0,1,1
2.1233911067827616,10.526702784504492,44,14,0,81.21117998337205,4.5593050247888085,0,1,0
1.8182496720710062,1.4974053711680835,37,4,0,75.15032962501029,5.216891754944727,1,1,1
1.8340450985343382,1.290036719469772,44,11,0,87.75445470763093,5.7372125955229105,0,0,0
3.0424224295953772,5.141097035658546,31,4,1,56.15643324643712,5.258023548523781,0,1,1
5.247564316322379,9.916086638600161,34,16,0,65.58867380143397,3.4110310683233864,0,1,1
4.319450186421157,11.860037422464389,45,16,1,75.07648987860439,6.069591771389906,0,0,1
2.9122914019804194,2.65458580213881,45,11,0,66.57095601730391,6.44020775971962,0,0,1
6.118528947223795,7.535437868873487,51,14,0,74.19222211496029,3.191356807316692,1,0,0
1.3949386065204183,5.1897994229412365,29,14,0,88.53713045682828,4.728490792010579,1,1,0
2.9214464853521815,11.669058375960635,35,5,0,81.3213672133598,4.58833995933647,0,1,1
3.663618432936917,10.263308154492796,26,11,0,93.30617035509589,5.330572374182051,0,1,0
4.56069984217036,10.221615751822517,36,19,1,81.95375284351745,4.692614312338836,0,1,0
7.851759613930136,6.155624757744673,42,17,1,89.92460831494526,4.898183341890535,0,1,1
1.9967378215835974,5.563014525714317,45,13,1,79.35929699871502,5.962723295362537,0,1,0
5.142344384136116,4.007477791237768,40,1,1,74.09724516640217,3.3292203505983,0,0,0
5.924145688620425,1.6201304631601983,41,8,0,94.80568055541889,6.106059702891236,0,1,1
0.46450412719997725,10.511946138805586,26,4,0,72.90649712063933,6.711699097296877,0,0,0
6.075448519014383,9.941911100430854,33,19,0,83.438448231243,7.451202490233302,1,0,0
1.7052412368729153,11.996894406147437,34,0,1,87.68897363224474,1.7849490137939612,0,1,1
0.6505159298527952,11.963005207812959,26,2,0,88.41492704470856,4.725647514327173,0,0,0
9.488855372533333,7.109748761628902,28,5,0,68.3455732977998,2.052349138469616,0,1,0
9.656320330745594,9.458861566985615,27,4,0,90.51950405828266,1.3474044653407642,0,1,0
8.08397348116461,11.392423028706709,42,4,0,70.2104475389273,5.216139571411218,1,0,0
3.0461376917337066,10.346121297451527,48,0,1,88.10703655349994,4.401272310724457,1,1,1
0.9767211400638387,3.7208291191751743,37,16,1,85.35173471049099,5.449776427656119,1,0,0
6.842330265121569,5.955985488411029,50,18,0,88.18630661779899,5.7291915351309735,0,1,1
4.4015249373960135,2.420753566666445,49,13,1,67.94996478900973,6.871843937161881,0,1,1
1.2203823484477883,11.494561299845946,58,11,0,85.87929742734391,5.0808806379586695,0,1,0
4.951769101112702,7.66792097895968,54,9,0,90.85593676408172,9.385033425978632,1,1,0
0.34388521115218396,3.51507086053809,37,19,0,81.9339578316174,5.45961478247782,0,1,1
9.093204020787821,8.388707528464424,58,17,0,71.81383320395423,7.763718566850817,1,0,1
2.587799816000169,7.799410645036854,36,10,0,89.1974761432799,1.5007432992136276,1,0,1
6.62522284353982,4.939789898361246,33,1,1,81.1391962810077,7.024609294325938,0,0,1
3.1171107608941098,2.2491335141959192,50,17,0,63.25555736172304,4.728859265306659,0,1,0
5.200680211778108,8.387305151520795,43,6,1,71.0381053768334,2.077479110859093,0,0,1
5.4671027934327965,6.723384709941726,54,14,0,74.73705468773026,5.63081766384218,1,0,0
1.8485445552552704,9.495502309092032,53,10,0,95.05818287639656,4.545566693023524,0,0,1
9.695846277645586,6.721798512231928,22,17,0,93.30183086306215,5.870079872672213,1,1,1
7.7513282336111455,10.37399650350394,56,11,0,93.26968531056676,6.5166146863266174,0,0,1
9.394989415641891,7.070975226519341,59,5,0,82.32360277683867,2.7662748248576063,0,0,1
8.948273504276488,7.170317686889249,45,19,1,89.135947917792,6.522378473682736,1,1,1
5.978999788110851,10.643189629241796,42,12,0,68.5922059131411,5.009719226331075,0,0,1
9.218742350231167,5.438311528336367,58,19,0,80.06803098392771,7.0292617620399085,0,1,1
0.884925020519195,2.474167512957048,34,15,0,84.51632701649596,4.692277656503197,0,1,0
1.959828624191452,1.3166094394467287,23,17,0,69.2510094269088,4.294386661202868,0,1,0
0.45227288910538066,9.306509812409809,48,9,0,82.0991208964187,5.040581061033427,1,1,0
3.2533033076326436,7.823405064888111,41,7,0,96.86639185804344,5.15279105956978,0,1,0
3.8867728968948203,8.744877449091458,44,17,0,85.58769784560627,4.005822797762397,1,0,0
2.713490317738959,3.342605776598018,32,0,0,89.17545206664121,4.255542903567075,1,1,0
8.287375091519294,2.5000862314544676,37,7,0,55.475930765677376,3.159686698229316,0,0,1
3.567533266935893,1.159991322346701,52,5,0,95.57968849152924,4.348032365314708,0,0,0
2.8093450968738076,4.856463146872567,35,4,0,78.13877652247831,6.014465089996368,0,1,1
5.426960831582485,7.489094555400964,21,14,0,72.31313685929958,4.793968739140784,0,0,1
1.4092422497476265,5.314684496097056,54,14,1,78.2536214819007,6.513597944070993,1,0,1
8.021969807540398,5.8122241422610195,53,1,0,65.14977841719102,4.721855798520389,0,0,1
0.7455064367977082,10.945745639431232,49,0,0,90.47942061752143,2.852723003415029,0,0,1
9.868869366005173,4.830810137256304,32,10,0,76.64604277226208,5.895912331334874,0,0,1
7.722447692966574,6.653884380757919,32,9,1,72.6136918797393,3.989565288449896,0,0,1
1.987156815341724,9.620183140152573,37,17,0,78.31944934311635,4.649949066854698,0,1,1
0.05522117123602399,5.361970605533972,51,17,0,91.1801565457614,6.856358071226175,1,0,0
8.154614284548341,7.842953702506608,51,16,1,81.3145840078122,3.258694310417729,0,0,0
7.068573438476172,10.486000796214197,54,7,0,65.90306230466533,5.247115681196577,0,1,1
7.2900716804098735,11.444726860234063,58,14,0,84.64980829741083,4.939222474946312,0,1,1
7.712703466859457,2.6178082902194175,48,7,0,70.71020045677375,6.051388573155655,0,0,0
0.7404465173409036,11.192463876776438,48,16,0,58.43898968625183,6.2827300482230335,0,1,0
3.5846572854427263,6.41327922387492,35,11,1,94.96007212717178,5.395758506373339,0,0,0
1.1586905952512971,3.840688271288542,29,7,1,84.57229874827689,4.4594380301294,0,1,1
8.631034258755935,6.050493318620874,49,13,0,79.21729336196586,5.71005875603894,0,1,1
6.232981268275579,11.780358328140247,44,3,0,76.54390485303301,7.003483845716843,0,1,1
3.308980248526492,6.418799033921566,58,0,0,93.97079500733315,4.959065090540449,0,1,0
0.6355835028602363,4.616267713162591,39,0,0,110.87155150198406,4.59911582836546,1,0,0
3.109823217156622,7.9674093974839835,24,18,1,84.48780518566517,5.582255386501985,1,0,1
3.2518332202674705,3.6416018065601237,20,15,0,69.70365317672125,5.058090530554417,0,0,0
7.29606178338064,1.8344966091953032,49,13,0,78.45534481132024,2.993435864123301,1,1,1
6.3755747135521315,2.4176769410171417,22,15,1,84.3057267209405,5.358996200596222,1,1,1
8.872127425763265,2.408504228535497,33,4,0,56.504716930081344,2.979856386854354,0,0,1
4.722149251619493,2.6709296286352378,49,8,0,83.34499201778118,5.561720969612669,0,0,0
1.195942459383017,2.5270988991435113,23,1,0,84.3642512949308,3.804285913390149,1,1,0
7.13244787222995,8.049622192835361,37,17,1,93.2634219798722,5.055312206279519,0,1,0
7.607850486168974,3.000680928390593,56,5,0,92.22123302373053,5.585890859298854,0,1,1
5.612771975694963,4.802340116562496,44,8,0,81.11172160289536,8.680855018915356,1,0,1
7.70967179954561,10.86467250896613,20,0,0,95.14636906580358,6.1141249426803865,0,0,0
4.937955963643907,6.213578042891596,34,8,0,100.35678319038756,7.047198214613502,0,1,0
5.227328293819941,8.3431351237313,28,15,1,80.2795145524446,7.807621728040887,1,1,1
4.275410183585496,2.895518583217928,34,12,1,84.18187078467749,5.733883875499167,0,0,1
0.2541912674409519,3.1151792068953785,43,8,0,62.32702646889424,5.428534700400799,0,1,1
1.0789142699330445,1.4495547789312675,23,12,0,65.49026737558913,3.3999183367606762,0,1,0
0.3142918568673425,2.85828569379381,31,8,0,71.6180368599048,4.825055101399409,0,1,0
6.364104112637804,4.064493729351545,56,10,0,75.56381695482946,3.9153684055462064,1,1,1
3.143559810763267,2.947115327044215,56,3,0,69.03876975261932,4.398411724813421,0,1,1
5.085706911647028,1.9757278713276119,25,1,1,79.64004588022758,7.805995064288703,0,0,1
9.07566473926093,2.326994582106609,58,5,0,75.86290832325382,5.1719322637999845,0,0,1
2.4929222914887497,6.0685664483599835,43,13,0,90.70895231339615,3.6861506334258367,0,0,1
4.103829230356297,3.2696709024637176,30,3,0,75.25226354516292,7.061800182036956,0,0,1
7.555511385430487,5.00696847152883,32,5,1,57.132820517845055,6.432913214356173,1,1,0
2.2879816549162246,6.537589979403426,53,18,1,81.2575117253542,6.511480238900595,0,0,1
0.7697990982879299,8.594343114923017,44,5,1,79.8580197558866,1.9908046953464078,0,1,0
2.8975145291376805,1.4324335382520883,26,1,0,71.37950118595506,7.923006436582229,0,0,0
1.6122128725400442,9.793514387999469,23,17,0,80.94999883497037,4.162227886859169,1,0,0
9.29697652342573,7.906904284399985,27,12,1,69.24735411773665,6.166932159189133,1,1,1
8.08120379564417,1.899349351437591,39,8,0,83.29839953623343,8.785699685925547,1,1,0
6.334037565104235,10.60936486517455,48,18,0,106.32924436929852,8.232999122285927,1,1,1
8.714605901877178,11.129596405849945,29,12,1,61.94394527093233,3.5336568117909697,1,1,1
8.036720768991145,1.6718575584035014,53,10,1,74.83757912990839,2.8332239944965902,0,1,1
1.8657005888603584,4.0456541296192405,45,0,0,73.23494878550864,7.145519898271892,0,0,1
8.925589984899778,9.868214077723675,22,6,0,75.66740116512456,5.213083717390999,0,0,1
5.393422419156507,9.230856594220242,25,14,0,90.19924579596974,4.248677838046881,1,1,0
8.074401551640625,3.029731212920151,24,0,0,85.42826559319025,5.9318278204085715,1,1,1
8.960912999234932,3.3028425567038133,24,11,0,88.48766502606424,4.755680633810838,0,1,1
3.1800347497186388,5.075193130705202,42,6,1,80.30495504753598,6.051986205573115,1,0,0
1.1005192452767676,6.329752837101235,28,14,1,66.77900680055143,5.1004727117280995,0,1,1
2.279351625419417,7.8008024868332555,54,18,1,68.8531463874002,6.0835818924922505,0,1,0
4.271077886262563,5.058050035267496,39,0,0,87.46259707466592,3.658200966295417,0,1,1
8.18014765922493,6.087881877464627,54,16,1,81.70831898413297,7.136693019698952,0,1,0
8.607305832563434,9.222180319471322,37,16,1,92.60207406078838,6.046435056098657,0,1,1
0.06952130531190703,1.403515231796577,36,2,0,82.93262103246798,5.969446054105359,0,0,1
5.107473025775658,3.7768063877842284,43,11,1,68.16985006667875,3.323495109482009,0,1,1
4.17411003148779,8.846845444730077,22,5,1,74.78098185816845,7.54944862496637,0,0,0
2.2210781047073027,10.847275214559193,51,10,0,85.6481414968293,4.979425850950598,1,1,1
1.198653673336828,6.6284518632723275,54,2,0,87.10332496238625,6.092073293644762,1,0,1
3.3761517140362796,6.8532483379184725,57,7,0,88.55108632154688,4.515763304380087,1,0,1
9.429097039125192,2.1788921247375366,32,13,0,69.51475886794807,5.391333597023146,0,1,1
3.2320293202075523,5.921536035058001,44,13,0,67.98969833923076,5.445691028179106,0,1,1
5.187906217433661,6.858789931005255,28,9,1,78.10197480252579,0.7701036019948688,0,1,1
7.030189588951778,3.6671755399820265,23,1,0,94.40073516533454,5.873672186982247,0,0,1
3.63629602379294,3.9616755404431907,33,13,0,73.06131679191982,7.948012192583127,0,1,1
9.717820827209607,5.150125794150849,56,8,0,84.54971890600973,5.809670388487936,0,0,1
9.624472949421111,1.22078317555499,53,2,0,84.55061138938964,3.563437626665393,0,1,1
2.5178229582536416,4.542870821414962,30,7,0,87.60772749670613,5.9749423492308305,0,0,0
4.972485058923855,3.325928076961991,22,15,0,96.6444025394821,6.589220795260008,0,0,0
3.0087830981676964,4.602470873957062,47,1,0,95.61906424766106,5.76869977428558,0,0,1
2.848404943774676,2.3173834500117634,48,5,0,74.05394166160495,4.888809340354934,0,1,1
0.36886947354532795,10.795800088138844,28,11,0,59.02104558691326,4.636776161264104,0,1,0
6.095643339798968,7.529516989094535,22,4,0,73.21470664635257,4.63053536694979,0,0,0
5.026790232288615,8.470125510589385,44,1,1,80.75672294047236,6.046665351516819,0,1,1
0.5147875124998935,9.680883624680721,53,15,0,76.38354722314342,2.8893140074105577,0,1,0
2.7864646423661146,6.48286418821963,31,4,1,99.67898942928136,4.44219025871689,0,1,0
9.082658859666537,1.9561231689616605,28,14,0,80.1878030431645,7.393414734516423,0,1,1
2.395618906669724,6.908171960004026,34,11,0,86.53711880256193,7.451292899865764,0,1,1
1.448948720912231,7.45525229822967,59,3,1,82.17214309647343,2.782779368297507,0,1,0
4.89452760277563,9.19983421602763,44,14,0,76.53366816509178,3.3028795831045867,0,1,0
9.856504541106007,5.748255008526473,24,10,0,60.75188322037334,4.594069130708095,1,0,0
2.4205527151150044,2.4033833307512014,30,15,0,79.21382361458515,6.3388842756715285,0,0,1
6.721355474058786,4.121534963785969,53,5,0,112.54647293154127,2.2587884689205144,0,0,1
7.616196153287175,4.993905260384986,43,13,0,67.55541600162167,4.917787047623783,0,0,0
2.3763754399239967,8.105089654647614,34,17,0,61.851269556257755,4.288731265130533,0,1,0
7.282163486118596,7.2785613513580305,57,11,0,99.3638930256891,6.98894701142785,0,1,1
3.677831327192532,4.917063984876309,27,10,0,87.42082969869335,2.4846372890461184,0,1,0
6.3230583059357945,11.851667736722776,24,12,0,81.87419880523437,5.138810923240434,1,1,0
6.335297107608947,7.663523012925759,45,10,1,93.62673862367058,4.409585843977109,0,0,0
5.357746840747585,3.609494709095939,37,15,1,71.68498057043904,7.204698389415932,0,1,1
0.902897700544083,2.119607198824441,25,14,0,78.93405239085348,5.896478969529874,0,1,0
8.35302495589238,2.6814505310276524,56,14,1,89.55154116900823,4.121276511113398,1,1,0
3.2078006497173583,3.7055350122295896,32,3,0,101.10354367820395,6.2800796649936235,0,1,1
1.8651851039985423,2.7674951058551125,47,10,0,68.31455685343391,4.41675672003714,1,0,1
0.40775141554763916,3.052237264564363,24,18,0,92.80734458560394,6.498994566859631,0,1,0
5.908929431882418,4.136046855632318,32,14,1,83.81839060840984,4.644384513671633,1,0,1
6.775643618422825,2.9071095482423033,36,3,0,81.63061067429416,6.581999868153145,1,1,1
0.16587828927856152,10.864419670890676,59,12,0,79.92270777745262,5.654122932690875,0,1,0
5.12093058299281,1.8825712022780643,51,18,0,66.15353379305397,9.890736621037135,0,0,0
2.2649577519793795,6.769625285272801,48,1,1,89.63088998213033,4.920655991875994,0,1,0
6.451727904094499,5.5143650968862765,22,13,1,72.17730979673672,5.574293437432173,0,0,0
1.7436642900499144,11.806164785994671,59,3,1,69.20309297497653,4.280862887426103,0,0,0
6.90937738102466,2.232427923848576,53,15,0,88.85458958900338,5.004028011132168,0,0,0
3.867353463005374,5.376411589503158,59,19,0,87.89134025146679,0.9472472987758387,0,0,0
9.367299887367345,11.664174766029058,46,13,0,80.79000083611062,5.698376024811548,0,1,1
1.3752094414599325,10.520578384833783,32,14,0,90.79543620811641,7.014311319424118,1,0,1
3.410663510502585,9.98779278044208,52,2,0,94.25936581479115,5.594945006899032,0,1,1
1.1347352124058907,3.8369310974943382,25,7,0,93.08224077825541,3.029207813033934,0,0,0
9.246936182785628,2.879763461290724,43,15,1,74.7172102659802,3.797319270936498,0,0,1
8.77339353380981,8.355075419168742,38,9,1,90.14104931279712,1.3547118092655945,1,0,1
2.579416277151556,11.223135880403444,35,3,1,82.11640977508648,6.468386010298136,0,0,1
6.59984046034179,7.1243918231532275,59,17,1,97.25907770352374,3.4902300609356294,0,1,0
8.172222002012159,7.287739584168898,47,1,0,78.76271663732827,4.956937114681658,0,0,1
5.5520081159946235,4.079770030263126,52,16,0,76.43528362631669,4.76939364150917,0,0,0
5.296505783560065,9.464422265111306,32,12,1,73.86203123157124,7.2315905534874,0,0,1
2.418522909004517,3.057481234132757,44,3,0,81.89287894235555,5.127921976948608,1,0,1
0.9310276780589921,4.5604716004466805,55,10,1,84.66725467592104,6.213339380159015,1,1,0
8.972157579533267,5.6798008247805845,46,6,0,84.85962282927271,5.8196956462214935,0,1,1
9.004180571633304,6.583714165529005,57,11,0,83.49172540311856,7.039117129942099,1,1,1
6.33101457273268,3.666507056565883,26,9,0,86.71037012679807,4.641314458245562,0,0,1
3.390297910487007,2.263205072131239,24,6,1,77.77458164085601,7.8044229957567754,0,1,1
3.492095746126609,7.716820466857959,50,12,1,71.27484684408128,2.0215067654010275,1,1,0
7.259556788702394,4.1749360856428135,42,6,0,70.40172003086352,6.286210247001854,0,1,1
8.971102599525771,7.393620435648735,29,16,1,89.75051095303468,3.7000705870038018,1,0,0
8.870864242651173,2.6979898680162253,51,9,0,84.7032231052829,4.260875670830071,0,1,0
7.798755458576238,6.292541120402992,49,9,0,61.44162229049676,5.854121400351553,0,1,1
6.420316461542877,6.858483758067445,58,3,0,90.96753426799941,5.8421030747716145,0,1,0
0.8413996499504883,1.570058905046696,50,19,0,98.80435146402655,5.909642020535107,0,1,0
1.6162871409461377,4.702647060133126,37,3,0,72.84083149241468,2.920763083842143,0,1,1
8.985541885270793,2.4785614463287167,55,6,1,83.3616004627604,7.173545346918861,1,1,1
6.0642905965958995,1.6971246752004452,21,0,1,75.2654190636764,3.6490293226584862,0,1,1
0.09197051616629648,11.889562556289398,33,11,0,86.28306925471166,3.8490693646622014,1,0,1
1.014715428660321,4.545892294721953,32,12,0,68.33991110924775,5.956845107250243,1,0,1
6.635017691080558,9.908618904400983,48,9,1,79.2855434290122,4.569918237858139,0,1,1
0.05061583846218687,3.8010472024014024,31,14,1,89.8131412799878,5.462391260843738,0,0,1
1.6080805141749865,8.496529944463223,58,12,1,92.3571173929884,1.765098955050818,0,1,1
5.487337893665861,9.362506458786552,21,8,0,84.26495818919689,5.426486674278848,0,0,1
6.918951976926932,7.552026146686287,51,8,0,76.6095469679026,5.326747819268323,1,0,0
6.519612595026006,6.187338074051742,32,14,0,64.07398915656391,4.235212193353576,0,1,1
2.242693094605598,5.530250055619954,46,9,0,72.42450288760719,1.8888860603528155,0,1,0
7.121792213475358,4.837550931972949,36,9,0,75.3072659524522,4.680787607777593,0,1,1
2.3724908749680007,11.224820586726084,59,7,1,73.02266216698386,4.943939210302081,0,1,0
3.2539969815926773,10.136813485665021,50,15,0,80.59552968313615,4.449156514504257,0,0,0
7.464914051180242,11.615296017331639,53,16,0,76.58112263828716,2.2457383033512532,0,1,0
6.496328990472147,2.367269458340992,43,4,0,81.72121372335442,7.392101010975374,0,1,1
8.49223410494178,9.039542227240087,54,3,0,92.02627301047664,4.0417077080834405,0,1,0
6.576128923003433,11.321745025031417,25,17,0,75.93537778770639,4.666693005615649,0,1,1
5.683086033354716,2.9935637278222615,38,18,0,66.17133022745776,1.3857885181725642,0,1,0
0.9367476782809248,1.7314589410345524,49,3,0,72.98292401875125,7.392283023047311,0,1,1
3.6771580305943354,9.15232714219065,26,6,1,85.83588469973272,4.300175102398915,1,0,1
2.6520236768172545,7.319204244979031,29,9,1,86.77943784952673,5.147694225611303,0,1,1
2.4398964337908358,10.260116544340992,51,17,0,84.06085197016235,6.681106167224977,0,1,0
9.730105547524456,2.5374961428891845,53,18,0,93.00737305888016,3.985543692925061,0,0,1
3.930977246667604,9.747940430458792,47,3,1,78.13636930123015,6.444867481079816,0,1,0
8.920465551771134,3.21790052052519,34,9,0,100.52166148009324,1.9080118160882873,1,0,0
6.311386259972629,2.8002153715227496,49,0,0,88.18187136105907,5.82647998635697,0,0,0
7.948113035416484,2.8069237772409226,56,17,1,54.76512529792123,7.3583632497794795,0,1,1
5.026370931051921,9.960321922545203,48,4,0,98.00658629963567,4.129374729172955,1,1,1
5.769038846263591,8.3171694276582,41,14,0,72.33013389864279,6.678322430447598,0,1,0
4.925176938188639,6.753719672460313,23,16,0,69.6589881054307,7.750883978290675,0,1,1
1.952429877980445,4.947135325358527,39,2,0,85.23771109832894,4.617737242918971,0,1,0
7.224521152615053,10.649205948944191,51,11,0,62.618195276634566,4.493707571225209,0,1,1
2.807723624408558,5.316896181648989,55,1,1,73.04530768678387,3.6525593812515442,0,1,1
0.2431596643145384,9.982593834187348,23,0,0,95.57098540624207,4.2354047672223,0,1,1
6.454722959071678,5.830483994272402,46,16,0,85.56217578997503,3.7769601645910695,1,0,1
1.7711067940704894,5.146388723673983,36,15,1,88.1223978093922,3.651333352359159,1,1,1
9.404585843529143,6.0894776423656705,31,4,0,73.43089399502526,6.798252945067034,0,1,1
9.539285770025874,4.315156615805563,41,14,0,64.61630001031897,3.8151109620676107,0,1,1
9.148643902204485,9.223703181938763,36,2,1,87.06817429313735,5.387782872079434,1,0,1
3.7015870025544437,6.529924291017271,29,6,0,89.3025615624195,5.057350152824356,0,1,1
0.15456616528867428,3.5543396466149906,20,10,1,88.84993386081109,7.247141843856684,1,0,0
9.283185625877254,10.895320306020253,41,9,1,82.09069230117865,4.24526565191748,1,1,1
4.281841483173143,5.222803435105326,45,8,0,70.3293175652793,5.571722069981483,0,0,0
9.666548190436696,6.979081472253874,37,13,0,104.3776958805973,6.186604553414163,0,1,1
9.636199770892528,10.971193220610017,33,12,1,84.79787442984176,7.234624410980873,0,1,0
8.530094554673601,7.866617955053913,48,1,0,78.26113358410832,4.2233699824321,0,1,1
2.944488920695857,2.2858784477920047,31,2,1,78.30550762516633,4.0731612969014295,1,1,1
3.8509772860192526,11.338153359748226,55,6,0,81.49597478073554,3.4073284190599207,0,1,1
8.511366715168569,7.904788583785597,54,17,0,90.6960826215798,8.35444943127236,1,1,1
3.1692200515627764,4.683961761227947,31,2,0,81.89628123305452,7.076708657270581,0,0,1
1.6949274668609249,2.5319927992972597,26,9,1,88.58513153447497,4.936697908531936,0,0,0
5.568012624583502,9.734277081973255,48,6,1,81.51397687893207,7.897158726690584,0,1,0
9.36154774160781,7.820800315213649,30,8,0,78.87646108529619,4.8472049084515145,0,1,0
6.96029796674973,6.868072011739537,52,16,0,86.41250393328389,6.086615707150294,0,1,0
5.700611700893649,10.832818413560535,25,10,1,86.03286033673797,5.015257852584081,0,0,1
0.9717649377076854,9.674569323469838,34,6,0,78.30365880904844,5.596708177625707,1,1,1
6.150072266991698,2.6684236770602627,51,13,0,72.50793042285741,5.43764216380032,0,0,1
9.900538501042632,4.42894274575103,30,18,0,83.41728914740435,4.362521939935026,0,1,1
1.4008401523652403,3.733380537959123,42,3,0,80.78348668962593,6.638747807128029,0,1,1
5.183296523637368,9.183409218299447,45,5,1,74.45128287229242,6.073928626525852,1,0,1
8.773730719279554,1.368856782093573,53,9,0,71.57599517463203,6.541541890252217,0,0,1
7.407686177542044,7.268786533584482,53,6,0,84.10475843894456,5.480340778249019,0,1,1
6.97015740995268,9.387045543147597,48,12,0,85.50095057027694,3.6401451773342988,1,1,1
7.024840839871093,10.644422004379244,23,13,1,76.39967885345139,7.564079099836554,1,0,1
3.5949115121975517,4.762899235874983,36,3,0,74.20062964087074,4.606165649648862,0,1,0
2.9359184426449336,10.033830351392142,54,7,0,71.6974481096281,5.5461005428526216,0,0,1
8.093611554785136,2.2169491065072795,32,4,0,83.82254939144919,5.953072038233404,0,1,1
8.101133946791808,10.3109752090797,58,0,1,71.96022926359264,5.5361325743264285,0,0,1
8.670723185801037,2.4023752856518064,34,3,0,102.4113456902073,6.373125531845411,1,0,1
9.132405525564714,5.37016019616404,48,2,0,75.89718564029003,6.610066883474747,0,1,1
5.113423988609378,9.77024902357509,48,8,0,55.74785722127399,4.662749745429128,1,0,1
5.015162946871996,2.649091700836512,30,7,0,79.69828333370864,7.438201012933471,0,1,0
7.9829517896677515,3.5217653475590565,51,0,0,79.26966520181197,4.599644668758103,0,1,1
6.4996393077776515,8.94477825232373,21,5,1,91.11718567524188,5.505123573321183,0,1,1
7.019668772577034,8.920401902006818,33,8,0,82.88126236727705,4.418482724593653,0,1,1
7.95792669436101,8.05262396173827,39,6,1,71.66164816560197,3.9897897160238145,1,0,1
8.900053418175663,8.6334328891381,41,3,0,77.13608126503223,6.566286633186298,1,1,1
3.379951568515358,6.9699688768235575,30,12,1,83.27419771650987,9.682845346139068,0,1,1
3.75582952639944,3.7697896479764803,46,16,0,58.35285749689589,4.457360167519525,0,1,1
0.93981939840869,4.802655928543114,22,1,0,93.3862173439045,6.822982362017118,0,1,0
5.78280140996174,2.9975748848156822,36,4,1,71.68830114195336,4.511133030949709,0,1,1
0.35942273796742086,10.992956174669912,47,11,1,94.17043820947617,4.984272534715993,0,0,1
4.655980181324601,7.417309742427325,48,7,0,83.92465141126588,7.636375658347507,0,0,0
5.426446347075766,5.409365584400039,40,5,0,86.29594136393975,3.389697072387041,0,0,1
2.865412521282844,6.08206384008546,35,7,1,91.49423436001273,2.9927613970653155,1,1,1
5.9083326056901075,11.420116735729968,56,17,0,85.73132052692499,4.869202026855276,0,1,1
0.3050024993904943,2.686865434276882,39,2,1,86.72886216317451,5.995484041906511,0,1,1
0.37348188749214417,7.448528152184769,25,11,1,78.35583559538618,5.695499857521322,0,1,1
8.226005606596583,6.564775467729126,38,2,0,83.72168681472095,5.541018763539494,0,1,1
3.601906414112629,7.7259965897811265,24,5,0,74.12502185028256,5.051197972267366,0,1,0
1.2706051265188478,1.1992120220292457,22,1,0,76.56588900412032,6.1798100404758785,1,1,1
5.222432600548044,10.593362998385667,20,11,0,99.64695047968908,0.6294913369325421,1,0,1
7.699935530986108,11.253301107319736,57,1,0,71.91806414949578,3.8737920423683887,0,1,1
2.1582102749684315,7.216465019481299,34,5,1,81.5431712663628,4.8595813860748285,0,1,1
6.228904758190002,8.663159062645814,53,16,0,81.13469036715476,6.056802198653765,0,1,0
0.85347464993768,11.147493192950252,54,2,1,76.892455282192,7.234647710102849,1,1,1
0.516817211686077,8.779624977447384,44,1,0,85.14400936570438,3.67235043774929,0,0,1
5.31354631568148,2.6779294720568747,43,19,0,85.89722092741383,7.185617938304851,0,1,1
5.406351216101065,7.3391719618349445,31,7,0,70.74180816852422,4.321157496197956,0,1,1
6.374299014982066,7.673865510211415,37,11,0,81.01356711546552,4.805135325528971,0,1,1
7.260913337226615,5.665437384326246,34,3,0,69.17632661227643,5.87214877819642,0,1,1
9.758520794625346,9.100886591871951,35,4,0,87.88548618317301,4.69514588103984,1,1,0
5.163003483011953,11.278037162459164,46,12,1,81.76487310362626,6.665176409999477,0,0,1
3.2295647294124596,11.18125364197454,27,14,0,80.82329886717088,4.3930937823302845,0,0,0
7.9518619476870365,5.959233085445453,44,15,0,86.59031348872404,4.415697513079499,0,0,0
2.708322512620742,2.245618504248308,36,9,0,77.24489709531599,6.577969931313998,1,1,1
4.389714207056361,11.83325318858568,48,15,0,89.14021959218205,3.855313417598513,1,0,0
0.7845638134226596,10.227878950905275,27,11,0,70.51555127243864,5.37339364297499,0,1,1
0.2535074341545751,2.371289493235935,34,16,0,94.11876518894528,2.509275998459264,1,1,0
9.626484146779251,11.129260708791096,46,15,0,74.49088817445147,7.729459028091785,0,0,1
8.359801205122059,10.568859982683412,26,11,0,63.03820932304412,6.809827904355163,0,1,0
6.95974206093698,6.707218628386793,22,7,0,76.71465091537269,9.125160799371132,0,1,1
4.089529444142698,7.5040297931942215,48,19,1,75.5803180274579,7.007545597169578,0,0,1
1.7329432007084578,5.389029742571433,43,2,0,76.63926013849964,3.3055246555992777,0,1,0
1.5643704267108605,1.6023780270423447,22,15,0,82.31648015483982,6.002974790240888,0,1,1
2.502428981645953,4.68716965810491,39,12,0,90.97842360888272,3.622986856667293,0,1,0
5.4922666470612045,9.831387934578126,34,18,0,78.08294086102863,7.367056260579648,1,0,1
7.145959227000623,1.0509522530506314,44,7,1,73.08382430181099,3.3482895680336417,0,0,0
6.601973767177313,4.6684908886025855,49,4,0,68.73453187716203,3.2762676736403034,0,0,0
2.7993389694594284,5.379855629500376,33,19,0,75.31817208690956,2.58528281945497,0,1,1
9.54865280663194,6.911351632317151,26,7,0,61.12175160749648,4.267430268105498,0,1,0
7.378969166957685,11.118411780540365,36,11,0,72.74866906483639,3.965783262824643,0,1,1
5.543540525114007,4.8098059380255735,39,0,0,92.44053895862186,3.107526341241102,0,1,1
6.117207462343522,4.816485220858505,55,19,0,71.76640795421577,7.984713656365286,1,1,0
4.196000624277899,9.112513729207231,28,5,1,86.28715860800305,5.794821044579967,0,1,1
2.4773098950115746,5.974397349787878,57,17,0,67.7351791019151,5.618351809785068,0,1,0
3.559726786512616,3.4706530523398014,41,7,0,97.71095899310555,7.38374662887189,1,0,1
7.578461104643691,5.976834677459627,21,6,0,98.3760673306471,5.384386688064402,0,1,0
0.14393488629755868,2.5494272241777987,43,0,0,85.91021556559876,3.8769796977422906,0,1,1
1.1607264050691624,2.9402568515684564,27,15,0,99.91252601643521,2.449685386223515,0,1,1
0.4600264202175275,6.482045500134277,30,11,1,83.55792974927662,3.7924139114848945,0,0,1
0.40728802318970136,5.608179944550027,32,5,1,87.68517114149556,7.258123400762694,0,0,1
8.554605840110073,11.0633049117491,36,19,0,92.61933876731534,3.11699582647076,0,0,1
7.036578593800237,4.986332890282965,27,1,1,81.7971845309845,5.529690856996815,0,0,1
4.741738290873252,7.386471853058478,40,13,1,64.47622538414939,6.550887714628336,0,1,1
0.9783416065100148,7.954907167114834,37,3,1,87.88963355234398,5.428017260664878,1,1,1
4.916158751168323,1.14403902247167,49,0,0,75.28140405566536,5.598474993185875,0,1,0
4.734717707805657,8.298911092183817,37,17,1,76.0247017904454,5.98340586931014,0,1,1
1.7320186991001518,2.958395635567266,50,12,0,82.9789491647869,5.568921307733974,1,1,1
4.33851649237973,11.571773492164006,57,1,1,85.66280879717371,7.413611258709923,0,1,1
3.9850473439737346,2.6352900052842427,51,8,0,81.50134634006218,3.4395624076585842,0,0,0
6.158500980522165,5.560865360997261,30,1,0,86.3572953615731,5.360637315258178,1,0,1
6.350936508676438,1.9388463488650824,44,8,1,72.93142865939804,2.2726393490042787,0,0,1
0.4530400977204452,11.96561677030542,52,0,0,79.57296205276717,1.8893807192201941,0,0,0
3.746126146264712,6.524145113643669,57,10,1,88.4908545045087,4.877493453722025,1,0,1
6.258599157142363,7.5492351905204815,27,2,1,97.72791176436716,5.815069353417135,0,1,1
5.031362585800877,1.7378412512727022,30,19,0,101.26435588973209,7.446001665856347,0,1,0
8.564898411883222,9.249565174390955,41,3,0,84.32976682727731,8.629687599515695,0,0,1
6.58693631618945,3.308961524051443,43,17,0,88.40009826745607,6.979791005998221,0,0,1
1.629344270814297,10.878597183847852,36,5,0,99.81579164815192,6.090748616597043,0,1,1
0.7056874740042984,3.256536045302079,31,2,0,73.29163963266505,5.239947283660723,1,0,0
6.424192782063156,3.0975649273003323,51,10,1,86.29699852712584,2.7031579052249337,0,1,1
0.26511310541621813,1.4020463463290436,34,14,0,87.68342949486146,4.780945091387302,1,1,1
5.8577558127346325,6.192736396209992,35,4,0,94.47861436076744,6.935565126887338,0,0,0
9.402302414249576,7.213252465888781,41,19,1,68.62858619463778,6.3474227840420605,1,1,1
5.75474177875879,1.722795033711876,47,9,0,70.60594216199483,3.0704987799755776,0,1,1
3.881699262065219,9.530803783645116,39,11,0,80.21382211104707,5.92103847088772,0,1,1
6.432882184423532,5.986177182228304,52,14,1,83.77727662321635,5.792589217801581,0,0,1
4.582528904915167,6.768292962603381,29,16,0,91.22863953733807,5.524835180172106,0,1,0
5.45616789315935,5.848390216320509,59,9,1,85.17543775812271,4.958216666933998,0,0,1
9.41464808776525,5.408393669628586,51,5,1,78.48586769889717,5.99837595041629,1,1,0
3.8610263780077423,7.1560436443903965,52,17,1,84.1646144475614,6.045969558368598,1,1,0
9.611905638239142,2.707642705237838,21,12,0,83.01044476274451,4.037811851852892,0,0,1
9.053506419560637,3.0012094354479824,52,2,0,97.45016429987788,5.682521092073143,0,1,1
1.9579113478929644,10.47964183114869,52,9,0,81.65658943568532,4.715907288879179,0,0,0
0.6936130087516545,11.40727008346996,32,13,1,76.16916586447437,2.769149198380635,0,1,1
1.0077800137742665,5.106402479077282,49,5,1,84.4960903007183,4.157589447442755,0,0,1
0.18221825651549728,3.9781914045790914,52,2,0,81.98485319338532,2.654465471981862,1,1,1
0.944429607559284,8.083994975629174,32,15,0,64.29006644325328,6.470140302605158,1,1,0
6.830067734163569,5.496075882079061,45,6,0,79.84347938377832,5.533834066331479,0,1,0
0.7118864846022899,1.2792499122637935,41,19,0,78.99261754593995,4.466764083191082,0,1,1
3.189756302937613,2.717678571028094,58,13,1,74.56128134220684,7.130782014932972,0,0,1
8.448753109694545,8.875694517321373,21,8,0,90.35583287622973,5.10198636137175,0,1,1
0.23271935735825866,8.248163361011665,57,14,1,72.14320403388004,2.8531658660496886,0,1,1
8.144684825889358,1.2980559175383184,58,2,1,84.55618619524539,4.340782189724283,0,1,1
2.8185477477339993,3.441693781262444,45,1,0,78.52143000156269,7.449281280909938,1,1,1
1.1816482762165625,3.5418227624687852,34,1,0,81.07695005646782,3.995786562366285,0,0,0
6.967371653641506,8.390820179586012,53,2,0,84.11786291045867,5.412831933136745,0,1,0
6.28942846779884,1.2168159152980058,59,17,0,66.92425616108999,6.115814936771957,1,0,0
8.77472013527053,2.145194401830312,30,13,1,81.91660891734783,5.884922726832414,1,0,1
7.350710438038858,9.799076939105083,22,19,1,102.88947489713206,8.67418969843715,0,0,0
8.034809303848485,2.9639912825976698,25,17,1,64.43236654121276,3.235545114615097,0,1,1
2.820345725713065,8.180207186370621,28,9,0,79.42392036284495,3.3853053792007954,0,0,1
1.7743954377972282,3.6200105915139917,25,1,0,91.2323932482382,3.2603683293468,1,0,1
7.506147516408584,2.0938553203527968,28,0,1,83.01619247953597,4.556122368474673,0,0,1
8.06834739267264,3.674894100993995,58,3,0,86.87966952116034,6.649066082273677,0,1,1
9.905051420006734,8.944936250412251,50,13,0,56.24333988907384,3.4523981303052333,0,0,0
4.126176769114265,10.412661149169143,51,0,0,85.9824937462995,6.670040758915908,1,0,1
3.720180857927832,10.132418510236908,31,13,0,72.38311793766401,5.0526900048916055,0,0,1
7.764129607419968,5.369018825803003,27,15,0,83.09877284583146,3.3365049601836145,0,1,0
3.4080354025301784,8.348936502277109,27,13,0,79.7056526909051,2.3729450651482153,0,1,1
9.307573256035647,3.2548272495740305,47,19,1,102.78333029161632,2.708644259286011,0,0,1
8.584127518430119,4.224625032871145,39,2,0,85.46695323765876,4.001219887649114,0,1,1
4.289940273750183,10.859694003732317,26,2,0,78.87376170737214,4.7462732363850195,1,0,1
7.508710677914974,1.1430211586180965,30,8,0,64.90307240746445,7.019094465095677,1,1,0
7.545428740846823,1.9405938393991489,39,5,1,81.21146901849897,6.198632318282359,0,1,0
1.031238688359326,3.2867488066063006,35,12,0,88.23228878346822,3.7415881218795466,0,1,0
9.025529066795666,1.291854242612017,23,1,0,79.19448108180777,5.612997925058252,0,1,1
5.052523724478571,2.9957897859877702,25,7,0,74.94343640062559,7.477319403788361,0,0,1
8.264574661077416,7.413457170666614,41,1,1,74.27413336153681,7.810876131545053,0,0,1
3.2004960103061175,5.635670056517477,45,3,0,85.35141435455321,4.528390982669605,1,0,0
8.955232284962005,10.819388821846724,22,14,1,87.59387939309157,6.437432644557503,0,1,0
3.892016787341631,9.99187917912285,33,3,1,93.61210115321119,7.084933050331736,0,0,0
0.1083765148029836,4.759990868676636,30,12,0,70.05000106789642,2.739392115232419,0,0,1
9.053819764192637,3.853657767744217,37,11,1,85.25977558417617,4.231389369260455,1,1,1
0.9128667678613356,5.176616489839936,31,12,0,78.78296045582132,8.330028101634895,0,1,0
3.1931363759041487,7.493244367662885,42,13,1,79.0776579536672,4.5484458348186445,1,0,1
9.50061967050805,3.948700049051639,31,19,0,84.01825854034001,0.6065729529483539,1,0,0
9.506071469375561,7.865637986340474,32,17,1,84.07656253624947,4.818557284419916,0,0,1
5.734378881232861,5.503528174103645,44,5,0,85.28768105791573,6.686938248673793,0,1,1
6.318372121697992,7.072518989371782,38,10,0,69.4252880780419,5.0097656552013445,0,0,0
4.4844552197831975,5.797391820488484,55,1,0,72.50188592833541,6.073045920200951,0,1,1
2.9321077169806453,4.2391233549610945,27,18,0,94.85868275517684,6.407332996483598,0,1,0
3.2866454536991596,11.432986376583724,48,18,0,77.7942753251916,4.467593822851577,0,1,0
6.725184560770384,9.399663735757368,51,4,0,83.06014398017896,4.220910520378436,0,1,1
7.5237452943768,2.541244933430978,37,18,0,90.54666312043186,5.230161463931408,0,1,0
7.915790437258485,10.55314773487704,25,1,0,84.63443072360819,5.266668384394821,0,1,1
7.896181427945539,6.36174318074465,37,9,1,85.46522630972039,5.081115229770457,1,0,1
0.9120610304869037,10.840074495835006,38,1,0,88.94577679243757,5.1427347840236965,0,0,1
4.944203047025814,9.798407815420468,41,10,0,58.83336239103,3.877180798068893,0,1,0
0.5755876001664428,5.677348549161568,56,17,0,75.10049844839466,6.125430365121423,0,0,0
5.495288823237355,1.2471623915212913,51,14,0,84.68605796499591,5.89884792066945,0,1,1
4.41530501373377,3.955450953234407,22,8,1,93.87644307057657,2.9959874500468127,0,1,1
8.877041827582998,6.9579763612695364,47,18,0,80.66095559655773,4.416256524371049,0,0,1
3.5091501255207866,7.96826041808762,29,8,1,71.55283538243904,5.13961980880917,0,1,1
1.1706701642760586,3.836764539765225,54,2,1,71.81913950389497,4.198530496585739,0,1,1
1.4299168205283586,2.5329168148010655,48,8,1,88.83861203453074,5.956057966381691,0,1,0
7.615106317174723,10.18423260479229,34,13,0,77.82226417608113,4.899676192314294,0,1,0
6.182180633162611,11.828423987739074,52,18,1,79.92799954209663,5.253608794182781,0,0,0
1.0112267612279024,6.782592005329544,26,6,1,86.15030193772319,4.39893603877539,0,1,1
0.8410680611499743,2.8884721443313386,31,15,0,50.98476317306421,2.010171764884078,0,1,0
7.009691314591199,3.9953805917130585,49,15,0,100.00367511508081,1.9244775176563254,0,1,0
0.7276300636419353,1.2022974420221342,40,0,0,72.68926164948938,5.884414320038041,0,0,0
8.218600592903563,11.05728687216549,50,3,0,82.41936369473572,5.400368114734091,0,1,0
7.062422271564962,2.2952619117915525,43,3,0,62.95302986503729,5.657993309526627,0,0,0
0.8134878064189976,7.341681230656789,39,6,0,75.77458889594962,5.2017092630943695,0,1,1
0.8483771408519192,4.014607427559266,56,7,0,92.44688046365097,5.321851105060272,1,1,1
9.866395785011754,7.095958027673728,23,16,0,60.83832820334121,6.453535060428182,1,1,1
3.742707957561203,8.165624271870506,47,4,0,91.26200087189142,5.666929058602118,0,1,1
3.706421470668909,10.127159840779218,39,6,0,77.26303903767615,6.561364025459169,0,1,1
8.127995672575025,3.2706339893666354,43,19,0,84.87164440220192,5.257192761839896,0,1,0
9.472485773838587,1.1209541152432854,51,19,0,86.5752441348511,4.549427389220344,0,0,0
9.860010638228708,2.50574193075688,55,3,0,84.41421499490926,5.291304293234369,0,1,1
7.533781852589416,10.900205060329156,53,5,1,71.35049348369174,3.745733177769055,0,0,1
3.762595855309158,10.612790853187668,55,6,0,76.35450853464977,4.430229606632136,0,1,0
0.8350071669866876,7.571544123873391,21,17,0,65.38443822749184,5.266356962960056,1,1,1
7.771469159274368,7.605685464770187,34,4,1,84.9179633158808,5.246477497851518,0,1,1
5.58404249735805,8.31540342000881,53,19,0,97.02055154015926,4.840371679995517,0,0,0
4.242220092469763,2.9290840648579453,55,2,0,61.75559113323537,2.91772293473869,0,1,1
9.06354385094736,11.058531405174557,25,6,1,72.38354093861965,5.954614319631071,0,1,0
1.1119748230615134,5.606475773812805,58,13,1,78.18224724117067,6.251342609899324,0,1,1
4.926251042908591,5.214523810744472,31,6,0,81.73341423713555,7.465535742878358,0,1,0
0.11353644767419069,6.708094758111213,22,4,0,88.79176301434427,5.662663994883097,1,1,0
4.6866064199412625,1.5166256345256055,37,4,1,78.47800019642334,5.002192751287224,0,1,1
0.5630327568183735,2.8291170563168735,59,1,0,76.8404127355435,3.4804557355847754,0,1,1
1.1881791626807192,9.118369780690076,40,5,0,91.0313070606974,7.238026804041583,1,1,1
1.1752624677710488,1.9107853471763911,34,14,1,86.61995567063305,5.371749465311035,0,0,0
6.492103021160636,7.63467320413027,52,9,0,85.38977975701098,5.290059760738185,1,1,1
7.460448792654233,3.6988402064945305,54,6,0,81.12515711588114,4.618915702731722,0,1,1
5.833687650971596,5.2822517544617416,45,4,0,89.83152210919859,4.523045650347707,0,1,1
9.621725484745419,4.175631104477699,27,0,1,73.43690608769734,6.03240010107627,0,0,0
3.748705795237041,4.912399881114441,55,12,0,72.07305717813922,3.467839066012112,0,1,1
2.8571208628186073,8.909504957026702,49,17,0,87.46100986869324,7.438147788738171,0,1,0
8.685991281894603,4.268338871854925,42,12,0,63.74964030753092,7.111289686307558,0,1,1
2.235958385194526,7.2304510432658695,33,17,0,80.92179509636487,4.468907679699366,1,1,0
9.632225394406113,6.236554424190096,33,4,0,76.83441647737487,3.7042031511904363,1,1,1
0.12154474689816341,8.30038281898913,21,12,1,65.94245269347044,1.9771910174668785,0,0,0
9.69878826707639,11.305127132572338,56,3,0,70.68732420283736,3.1228791912736598,0,0,0
0.43159911950576113,9.058293069312754,24,16,0,78.91023907704651,6.094867239324311,0,0,0
8.911431136980712,3.3643441644983243,57,2,1,90.33963256499023,5.473012788350981,0,1,0
5.277011090862999,1.3430144856741313,33,16,0,73.47042008742189,5.7404803479591315,0,1,0
9.929647961193004,3.884904487298076,58,10,1,92.13381399904993,2.231630547013758,0,1,1
0.7379656473539886,7.545857237702803,44,19,0,80.63179227556516,4.406276569846003,0,1,1
5.538542844013207,1.565683948326754,39,3,0,93.1038470216997,7.050909209423123,0,1,1
9.69302535619099,6.4600287192136,21,1,0,73.95508391219951,4.85595889202097,1,0,1
5.230978441701488,7.565271338085782,58,19,1,79.51190411894632,3.091557898064022,0,1,1
6.293986381352625,4.676682798986569,25,15,0,83.68483603336996,4.832596503735648,0,1,1
6.957486889846171,9.480034241204041,36,17,0,78.20489537258489,3.843473872452125,0,1,1
4.545410647677732,2.17258078447149,44,7,0,89.53024147145236,5.500518589918095,0,1,0
6.275580800840634,1.8265155990938964,47,2,0,57.92436274709734,5.030818068331572,0,1,1
5.843143119231002,9.010076318239637,21,8,0,104.2240553878994,5.814944996123436,0,0,1
9.01158010490989,6.450404478268183,54,19,1,88.57774606995162,3.173114559852331,1,1,0
0.4544638034145787,8.572426360705096,56,5,0,78.26468170964984,4.326925147002352,0,0,1
2.809631895922303,5.7831007246412085,24,9,1,74.47678326422655,6.635651512098663,0,0,1
9.504114840765588,3.710422365630175,20,9,0,71.33579388551445,2.9685799183467774,1,0,1
8.902637838909163,10.010125494416197,59,12,0,86.45615474169738,3.495331975940032,1,1,1
4.55656752785713,9.793574668658772,31,16,0,89.94981668792354,5.298945964988096,0,1,1
6.201325978015367,8.641661179398694,55,8,0,78.37473871870101,5.430094758625687,0,1,0
2.7738118298113266,3.9935965095295898,42,16,1,91.06990412978503,4.266725235885845,0,0,0
1.881211597237613,7.492537335559958,50,8,1,70.92739953238878,4.582350676041725,0,1,0
4.636984049399821,4.970712866340294,30,8,0,69.16189150013165,5.799838342333462,0,0,0
3.533522280260528,2.0074028065929754,29,0,0,98.1334120524555,6.274452502639802,0,1,0
5.836561118508721,11.09044933008467,22,1,0,85.91108613538543,3.396167502065361,0,1,1
0.7773463696498484,2.5050049401085754,33,15,1,93.96848201813327,5.546479280941925,0,1,0
9.743948076661665,11.452610892028826,35,0,0,71.46060291612307,7.268024000008583,0,1,0
9.86210744479603,5.906063502537513,29,9,0,70.7647460823127,4.826161907958301,0,1,1
